id,name
1,艺术
2,音乐
3,戏剧
4,戏曲
5,电影
6,广播电视
7,舞蹈
8,美术
9,艺术设计
10,工程管理
11,军事
12,军事指挥
13,军队政治工作
14,军事后勤
15,军事装备
16,中医内科学
17,中医外科学
18,中医骨伤科学
19,中医妇科学
20,中医儿科学
21,中医五官科学
22,针灸推拿学
23,民族医学（含：藏医学、蒙医学等）
24,中西医结合临床
25,中医
26,全科医学
27,林业
28,城市规划
29,文物与博物馆
30,出版
31,应用心理
32,警务
33,审计
34,设计艺术学
35,设计学
36,图书情报与档案管理
37,图书馆学
38,情报学
39,档案学
40,联合训练学
41,军兵种训练学
42,军事教育学
43,军事训练学
44,生物医学工程
45,美术学
46,戏剧戏曲学
47,广播电视艺术学
48,戏剧与影视学
49,音乐学
50,音乐与舞蹈学
51,艺术学
52,艺术学理论
53,科学技术史
54,护理学
55,医学技术
56,特种医学
57,中药学
58,药学
59,药物化学
60,药剂学
61,生药学
62,药物分析学
63,微生物与生化药学
64,药理学
65,中西医结合
66,中西医结合基础
67,中医学
68,中医基础理论
69,中医临床基础
70,中医医史文献
71,方剂学
72,中医诊断学
73,公共卫生与预防医学
74,流行病与卫生统计学
75,劳动卫生与环境卫生学
76,营养与食品卫生学
77,儿少卫生与妇幼保健学
78,卫生毒理学
79,军事预防医学
80,口腔医学
81,口腔基础医学
82,口腔临床医学
83,临床医学
84,内科学
85,儿科学
86,老年医学
87,神经病学
88,精神病与精神卫生学
89,皮肤病与性病学
90,影像医学与核医学
91,临床检验诊断学
92,外科学
93,妇产科学
94,眼科学
95,耳鼻咽喉科学
96,肿瘤学
97,康复医学与理疗学
98,运动医学
99,基础医学
100,麻醉学
101,人体解剖与组织胚胎学
102,急诊医学
103,免疫学
104,病原生物学
105,病理学与病理生理学
106,法医学
107,放射医学
108,军事装备论证学
109,军事装备实验学
110,军事装备采购学
111,军事装备保障学
112,军事装备管理学
113,军事装备学
114,军事后勤建设学
115,军事物流学
116,军事后勤学
117,后方专业勤务
118,军队政治工作学原理
119,部队政治工作学
120,政治机关工作学
121,军事任务政治工作
122,军队政治工作学
123,军事法制学
124,军制学
125,军事组织编制学
126,军队管理学
127,军事密码学
128,非战争军事行动
129,军队指挥学
130,作战指挥学
131,作战环境学
132,军事运筹学
133,军事信息学
134,军事情报学
135,兵种战术学
136,战术学
137,联合战术学
138,合同战术学
139,战役学
140,联合战役学
141,军种战役学
142,军种战略学
143,国防动员学
144,战略学
145,国家安全战略学
146,军事战略学
147,军事思想及军事历史
148,军事思想
149,军事历史
150,公共管理
151,行政管理
152,社会医学与卫生事业管理
153,教育经济与管理
154,社会保障
155,土地资源管理
156,农林经济管理
157,农业经济管理
158,林业经济管理
159,工商管理
160,会计学
161,企业管理
162,旅游管理
163,技术经济及管理
164,管理科学与工程
165,资产评估
166,保险
167,国际商务
168,税务
169,应用统计
170,金融
171,社会工作
172,法律
173,法律（非法学）
174,法律（法学）
175,汉语国际教育
176,体育
177,体育教学
178,运动训练
179,竞赛组织
180,社会体育指导
181,职业技术教育
182,教育
183,教育管理
184,学科教学（思政）
185,学科教学（语文）
186,学科教学（数学）
187,学科教学（物理）
188,学科教学（化学）
189,学科教学（生物）
190,学科教学（英语）
191,学科教学（历史）
192,学科教学（地理）
193,学科教学（音乐）
194,学科教学（体育）
195,学科教学（美术）
196,现代教育技术
197,小学教育
198,心理健康教育
199,科学与技术教育
200,学前教育
201,特殊教育
202,学校课程与教学
203,学生发展与教育
204,教育领导与管理
205,新闻与传播
206,西班牙语笔译
207,西班牙语口译
208,阿拉伯语笔译
209,阿拉伯语口译
210,泰语笔译
211,泰语口译
212,翻译
213,英语笔译
214,英语口译
215,俄语笔译
216,俄语口译
217,日语笔译
218,日语口译
219,法语笔译
220,法语口译
221,德语笔译
222,德语口译
223,朝鲜语笔译
224,朝鲜语口译
225,安全工程
226,兵器工程
227,核能与核技术工程
228,农业工程
229,林业工程
230,环境工程
231,食品工程
232,航空工程
233,航天工程
234,车辆工程
235,制药工程
236,工业工程
237,工业设计工程
238,生物工程
239,项目管理
240,物流工程
241,电子与信息
242,先进制造
243,生物与医药
244,能源与环保
245,工程
246,机械工程
247,光学工程
248,仪器仪表工程
249,材料工程
250,冶金工程
251,动力工程
252,电气工程
253,电子与通信工程
254,集成电路工程
255,控制工程
256,计算机技术
257,软件工程
258,建筑与土木工程
259,水利工程
260,建筑学
261,测绘工程
262,化学工程
263,地质工程
264,矿业工程
265,石油与天然气工程
266,纺织工程
267,轻工技术与工程
268,交通运输工程
269,船舶与海洋工程
270,风景园林
271,兽医
272,农业
273,农艺与种业
274,资源利用与植物保护
275,畜牧
276,渔业发展
277,食品加工与安全
278,农业工程与信息技术
279,农业管理
280,农村发展
281,护理
282,公共卫生
283,图书情报
284,临床病理学
285,会计
286,风景园林学
287,世界史
288,新闻传播学
289,新闻学
290,传播学
291,体育学
292,体育人文社会学
293,运动人体科学
294,体育教育训练学
295,民族传统体育学
296,公安学
297,统计学
298,哲学
299,马克思主义哲学
300,中国哲学
301,外国哲学
302,逻辑学
303,伦理学
304,美学
305,宗教学
306,科学技术哲学
307,应用经济学
308,国民经济学
309,区域经济学
310,财政学
311,金融学
312,产业经济学
313,国际贸易学
314,劳动经济学
315,数量经济学
316,国防经济
317,理论经济学
318,政治经济学
319,经济思想史
320,经济史
321,西方经济学
322,世界经济
323,人口、资源与环境经济学
324,马克思主义理论
325,马克思主义基本原理
326,马克思主义发展史
327,马克思主义中国化研究
328,国外马克思主义研究
329,思想政治教育
330,中国近现代史基本问题研究
331,民族学
332,马克思主义民族理论与政策
333,中国少数民族经济
334,中国少数民族史
335,中国少数民族艺术
336,社会学
337,人口学
338,人类学
339,民俗学
340,政治学
341,政治学理论
342,中外政治制度
343,科学社会主义与国际共产主义运动
344,中共党史
345,国际政治
346,国际关系
347,外交学
348,法学
349,法学理论
350,法律史
351,宪法学与行政法学
352,刑法学
353,民商法学
354,诉讼法学
355,经济法学
356,环境与资源保护法学
357,国际法学
358,军事法学
359,心理学
360,基础心理学
361,发展与教育心理学
362,应用心理学
363,教育学
364,教育学原理
365,课程与教学论
366,教育史
367,比较教育学
368,学前教育学
369,高等教育学
370,成人教育学
371,职业技术教育学
372,特殊教育学
373,教育技术学
374,教育法学
375,外国语言文学
376,英语语言文学
377,俄语语言文学
378,法语语言文学
379,德语语言文学
380,日语语言文学
381,印度语言文学
382,西班牙语语言文学
383,阿拉伯语语言文学
384,欧洲语言文学
385,亚非语言文学
386,外国语言学及应用语言学
387,中国语言文学
388,文艺学
389,语言学及应用语言学
390,汉语言文字学
391,中国古典文献学
392,中国古代文学
393,中国现当代文学
394,中国少数民族语言文学
395,比较文学与世界文学
396,史学理论及史学史
397,历史文献学（含∶敦煌学、古文字学）
398,专门史
399,中国古代史
400,中国近现代史
401,历史地理学
402,中国史
403,考古学及博物馆学
404,考古学
405,环境科学与工程
406,环境科学
407,计算机科学与技术
408,计算机系统结构
409,计算机软件与理论
410,计算机应用技术
411,电子科学与技术
412,物理电子学
413,电路与系统
414,微电子学与固体电子学
415,电磁场与微波技术
416,材料科学与工程
417,材料物理与化学
418,材料学
419,材料加工工程
420,力学
421,一般力学与力学基础
422,固体力学
423,流体力学
424,工程力学
425,生态学
426,系统科学
427,系统理论
428,系统分析与集成
429,生物学
430,植物学
431,动物学
432,生理学
433,水生生物学
434,微生物学
435,神经生物学
436,遗传学
437,发育生物学
438,细胞生物学
439,生物化学与分子生物学
440,生物物理学
441,地质学
442,矿物学、岩石学、矿床学
443,地球化学
444,古生物学与地层学
445,构造地质学
446,第四纪地质学
447,地球物理学
448,固体地球物理学
449,空间物理学
450,海洋科学
451,物理海洋学
452,海洋化学
453,海洋生物学
454,海洋地质
455,大气科学
456,气象学
457,大气物理学与大气环境
458,地理学
459,自然地理学
460,人文地理学
461,地图学与地理信息系统
462,天文学
463,天体物理
464,天体测量与天体力学
465,化学
466,无机化学
467,分析化学
468,有机化学
469,物理化学
470,高分子化学与物理
471,物理学
472,理论物理
473,粒子物理与原子核物理
474,原子与分子物理
475,等离子体物理
476,凝聚态物理
477,声学
478,光学
479,无线电物理
480,数学
481,基础数学
482,计算数学
483,概率论与数理统计
484,应用数学
485,运筹学与控制论
486,公安技术
487,安全科学与工程
488,城乡规划学
489,食品科学与工程
490,食品科学
491,粮食、油脂及植物蛋白工程
492,农产品加工及贮藏工程
493,水产品加工及贮藏工程
494,森林工程
495,木材科学与技术
496,林产化学加工工程
497,农业机械化工程
498,农业水土工程
499,农业生物环境与能源工程
500,农业电气化与自动化
501,核科学与技术
502,核能科学与工程
503,核燃料循环与材料
504,核技术及应用
505,辐射防护及环境保护
506,兵器科学与技术
507,武器系统与运用工程
508,兵器发射理论与技术
509,火炮、自动武器与弹药工程
510,军事化学与烟火技术
511,航空宇航科学与技术
512,飞行器设计
513,航空宇航推进理论与工程
514,航空宇航制造工程
515,人机与环境工程
516,船舶与海洋结构物设计制造
517,轮机工程
518,水声工程
519,道路与铁道工程
520,交通信息工程及控制
521,交通运输规划与管理
522,载运工具运用工程
523,制浆造纸工程
524,制糖工程
525,发酵工程
526,皮革化学与工程
527,纺织科学与工程
528,纺织材料与纺织品设计
529,纺织化学与染整工程
530,服装设计与工程
531,油气井工程
532,油气田开发工程
533,油气储运工程
534,采矿工程
535,矿物加工工程
536,安全技术及工程
537,地质资源与地质工程
538,矿产普查与勘探
539,地球探测与信息技术
540,化学工程与技术
541,化学工艺
542,生物化工
543,应用化学
544,工业催化
545,测绘科学与技术
546,大地测量学与测量工程
547,摄影测量与遥感
548,地图制图学与地理信息工程
549,水文学及水资源
550,水力学及河流动力学
551,水工结构工程
552,水利水电工程
553,港口、海岸及近海工程
554,土木工程
555,岩土工程
556,结构工程
557,市政工程
558,供热、供燃气、通风及空调工程
559,防灾减灾工程及防护工程
560,桥梁与隧道工程
561,建筑历史与理论
562,建筑设计及其理论
563,建筑技术科学
564,控制科学与工程
565,控制理论与控制工程
566,检测技术与自动化装置
567,系统工程
568,模式识别与智能系统
569,导航、制导与控制
570,信息与通信工程
571,通信与信息系统
572,信号与信息处理
573,电机与电器
574,电力系统及其自动化
575,高电压与绝缘技术
576,电力电子与电力传动
577,电工理论与新技术
578,动力工程及工程热物理
579,工程热物理
580,热能工程
581,动力机械及工程
582,流体机械及工程
583,制冷及低温工程
584,化工过程机械
585,冶金物理化学
586,钢铁冶金
587,有色金属冶金
588,仪器科学与技术
589,精密仪器及机械
590,测试计量技术及仪器
591,机械制造及其自动化
592,机械电子工程
593,机械设计及理论
594,草学
595,水产
596,水产养殖
597,捕捞学
598,渔业资源
599,林学
600,林木遗传育种
601,森林培育
602,森林保护学
603,森林经理学
604,野生动植物保护与利用
605,园林植物与观赏园艺
606,水土保持与荒漠化防治
607,兽医学
608,基础兽医学
609,预防兽医学
610,临床兽医学
611,畜牧学
612,动物遗传育种与繁殖
613,动物营养与饲料科学
614,特种经济动物饲养
615,植物保护
616,植物病理学
617,农业昆虫与害虫防治
618,农药学
619,农业资源与环境
620,土壤学
621,植物营养学
622,园艺学
623,果树学
624,蔬菜学
625,茶学
626,作物学
627,作物栽培学与耕作学
628,作物遗传育种
629,经济学
630,经济统计学
631,税收学
632,金融工程
633,保险学
634,投资学
635,国际经济与贸易
636,贸易经济
637,政治学与行政学
638,科学社会主义
639,中国共产党历史
640,治安学
641,侦查学
642,边防管理
643,科学教育
644,人文教育
645,艺术教育
646,体育教育
647,社会体育指导与管理
648,武术与民族传统体育
649,汉语言文学
650,汉语言
651,古典文献学
652,英语
653,俄语
654,德语
655,法语
656,西班牙语
657,阿拉伯语
658,日语
659,波斯语
660,朝鲜语
661,菲律宾语
662,梵语巴利语
663,印度尼西亚语
664,印地语
665,柬埔寨语
666,老挝语
667,缅甸语
668,马来语
669,蒙古语
670,僧伽罗语
671,泰语
672,乌尔都语
673,希伯来语
674,越南语
675,豪萨语
676,斯瓦希里语
677,阿尔巴尼亚语
678,保加利亚语
679,波兰语
680,捷克语
681,斯洛伐克语
682,罗马尼亚语
683,葡萄牙语
684,瑞典语
685,塞尔维亚语
686,土耳其语
687,希腊语
688,匈牙利语
689,意大利语
690,泰米尔语
691,普什图语
692,世界语
693,孟加拉语
694,尼泊尔语
695,克罗地亚语
696,荷兰语
697,芬兰语
698,乌克兰语
699,挪威语
700,丹麦语
701,冰岛语
702,爱尔兰语
703,拉脱维亚语
704,立陶宛语
705,斯洛文尼亚语
706,爱沙尼亚语
707,马耳他语
708,哈萨克语
709,乌兹别克语
710,祖鲁语
711,拉丁语
712,商务英语
713,广播电视学
714,广告学
715,编辑出版学
716,历史学
717,文物与博物馆学
718,数学与应用数学
719,信息与计算科学
720,应用物理学
721,核物理
722,地理科学
723,自然地理与资源环境
724,人文地理与城乡规划
725,地理信息科学
726,应用气象学
727,海洋技术
728,空间科学与技术
729,生物科学
730,生物技术
731,生物信息学
732,应用统计学
733,理论与应用力学
734,机械设计制造及其自动化
735,材料成型及控制工程
736,工业设计
737,过程装备与控制工程
738,汽车服务工程
739,测控技术与仪器
740,材料物理
741,材料化学
742,金属材料工程
743,无机非金属材料工程
744,高分子材料与工程
745,复合材料与工程
746,能源与动力工程
747,电气工程及其自动化
748,电子信息工程
749,通信工程
750,微电子科学与工程
751,光电信息科学与工程
752,信息工程
753,自动化
754,网络工程
755,信息安全
756,物联网工程
757,数字媒体技术
758,建筑环境与能源应用工程
759,给排水科学与工程
760,建筑电气与智能化
761,水文与水资源工程
762,港口航道与海岸工程
763,遥感科学与技术
764,化学工程与工艺
765,勘查技术与工程
766,资源勘查工程
767,石油工程
768,轻化工程
769,包装工程
770,印刷工程
771,交通运输
772,交通工程
773,航海技术
774,飞行技术
775,航空航天工程
776,飞行器设计与工程
777,飞行器制造工程
778,飞行器动力工程
779,飞行器环境与生命保障工程
780,武器系统与工程
781,武器发射工程
782,探测制导与控制技术
783,弹药工程与爆炸技术
784,特种能源技术与工程
785,装甲车辆工程
786,信息对抗技术
787,核工程与核技术
788,辐射防护与核安全
789,工程物理
790,核化工与核燃料工程
791,农业机械化及其自动化
792,农业电气化
793,农业建筑环境与能源工程
794,农业水利工程
795,木材科学与工程
796,林产化工
797,环境生态工程
798,食品质量与安全
799,粮食工程
800,乳品工程
801,酿酒工程
802,城乡规划
803,刑事科学技术
804,消防工程
805,农学
806,园艺
807,植物科学与技术
808,种子科学与工程
809,设施农业科学与工程
810,野生动物与自然保护区管理
811,动物科学
812,动物医学
813,动物药学
814,园林
815,森林保护
816,水产养殖学
817,海洋渔业科学与技术
818,草业科学
819,预防医学
820,食品卫生与营养学
821,藏医学
822,蒙医学
823,维医学
824,壮医学
825,哈医学
826,中西医临床医学
827,药物制剂
828,中药资源与开发
829,医学检验技术
830,医学实验技术
831,医学影像技术
832,眼视光学
833,康复治疗学
834,口腔医学技术
835,卫生检验与检疫
836,管理科学
837,信息管理与信息系统
838,房地产开发与管理
839,工程造价
840,市场营销
841,财务管理
842,人力资源管理
843,审计学
844,物业管理
845,文化产业管理
846,农村区域发展
847,公共事业管理
848,劳动与社会保障
849,城市管理
850,信息资源管理
851,物流管理
852,电子商务
853,酒店管理
854,会展经济与管理
855,艺术史论
856,音乐表演
857,作曲与作曲技术理论
858,舞蹈表演
859,舞蹈学
860,舞蹈编导
861,表演
862,戏剧学
863,电影学
864,戏剧影视文学
865,广播电视编导
866,戏剧影视导演
867,戏剧影视美术设计
868,录音艺术
869,播音与主持艺术
870,动画
871,绘画
872,雕塑
873,摄影
874,艺术设计学
875,视觉传达设计
876,环境设计
877,产品设计
878,服装与服饰设计
879,公共艺术
880,工艺美术
881,数字媒体艺术
882,国民经济管理
883,资源与环境经济学
884,商务经济学
885,能源经济
886,金融数学
887,信用管理
888,经济与金融
889,知识产权
890,监狱学
891,国际事务与国际关系
892,政治学、经济学与哲学
893,女性学
894,家政学
895,禁毒学
896,警犬技术
897,经济犯罪侦查
898,边防指挥
899,消防指挥
900,警卫学
901,公安情报学
902,犯罪学
903,公安管理学
904,涉外警务
905,国内安全保卫
906,警务指挥与战术
907,华文教育
908,运动康复
909,休闲体育
910,应用语言学
911,秘书学
912,网络与新媒体
913,数字出版
914,文物保护技术
915,外国语言与外国历史
916,数理基础科学
917,化学生物学
918,分子科学与工程
919,海洋资源与环境
920,军事海洋学
921,地球信息科学与技术
922,古生物学
923,机械工艺技术
924,微机电系统工程
925,机电技术教育
926,汽车维修工程教育
927,粉体材料科学与工程
928,宝石及材料工艺学
929,焊接技术与工程
930,功能材料
931,纳米材料与技术
932,新能源材料与器件
933,能源与环境系统工程
934,新能源科学与工程
935,智能电网信息工程
936,光源与照明
937,电气工程与智能控制
938,广播电视工程
939,电子封装技术
940,集成电路设计与集成系统
941,医学信息工程
942,电磁场与无线技术
943,电波传播与天线
944,电子信息科学与技术
945,电信工程及管理
946,应用电子技术教育
947,轨道交通信号与控制
948,智能科学与技术
949,空间信息与数字技术
950,电子与计算机工程
951,城市地下空间工程
952,道路桥梁与渡河工程
953,水务工程
954,导航工程
955,地理国情监测
956,资源循环科学与工程
957,能源化学工程
958,化学工程与工业生物工程
959,地下水科学与工程
960,矿物资源工程
961,海洋油气工程
962,非织造材料与工程
963,服装设计与工艺教育
964,交通设备与控制工程
965,救助与打捞工程
966,船舶电子电气工程
967,海洋工程与技术
968,海洋资源开发技术
969,飞行器质量与可靠性
970,飞行器适航技术
971,环保设备工程
972,资源环境科学
973,水质科学与技术
974,假肢矫形工程
975,葡萄与葡萄酒工程
976,食品营养与检验教育
977,烹饪与营养教育
978,历史建筑保护工程
979,生物制药
980,交通管理工程
981,安全防范工程
982,公安视听技术
983,抢险救援指挥与技术
984,火灾勘查
985,网络安全与执法
986,核生化消防
987,烟草
988,应用生物科学
989,农艺教育
990,园艺教育
991,蚕学
992,蜂学
993,动植物检疫
994,水族科学与技术
995,医学影像学
996,眼视光医学
997,精神医学
998,妇幼保健医学
999,卫生监督
1000,全球健康学
1001,临床药学
1002,药事管理
1003,药物分析
1004,海洋药学
1005,藏药学
1006,蒙药学
1007,中药制药
1008,中草药栽培与鉴定
1009,听力与言语康复学
1010,保密管理
1011,劳动关系
1012,体育经济与管理
1013,财务会计教育
1014,市场营销教育
1015,海关管理
1016,交通管理
1017,海事管理
1018,公共关系学
1019,采购管理
1020,标准化工程
1021,质量管理工程
1022,电子商务及法律
1023,旅游管理与服务教育
1024,影视摄影与制作
1025,书法学
1026,中国画
1027,艺术与科技
1028,作物生产技术
1029,种子生产与经营
1030,设施农业与装备
1031,现代农业技术
1032,休闲农业
1033,生态农业技术
1034,园艺技术
1035,植物保护与检疫技术
1036,茶树栽培与茶叶加工
1037,中草药栽培技术
1038,烟草栽培与加工
1039,棉花加工与经营管理
1040,农产品加工与质量检测
1041,绿色食品生产与检验
1042,农资营销与服务
1043,农产品流通与管理
1044,农业装备应用技术
1045,农村经营管理
1046,林业技术
1047,园林技术
1048,森林资源保护
1049,经济林培育与利用
1050,野生植物资源保护与利用
1051,野生动物资源保护与利用
1052,森林生态旅游
1053,森林防火指挥与通讯
1054,自然保护区建设与管理
1055,木工设备应用技术
1056,木材加工技术
1057,林业调查与信息处理
1058,林业信息技术与管理
1059,畜牧兽医
1060,动物防疫与检疫
1061,动物医学检验技术
1062,宠物养护与驯导
1063,实验动物技术
1064,饲料与动物营养
1065,特种动物养殖
1066,畜牧工程技术
1067,蚕桑技术
1068,草业技术
1069,养蜂与蜂产品加工
1070,畜牧业经济管理
1071,水产养殖技术
1072,海洋渔业技术
1073,水生动物医学
1074,渔业经济管理
1075,国土资源调查与管理
1076,地质调查与矿产普查
1077,矿产地质与勘查
1078,岩矿分析与鉴定
1079,宝玉石鉴定与加工
1080,煤田地质与勘查技术
1081,工程地质勘查
1082,水文与工程地质
1083,钻探技术
1084,矿山地质
1085,地球物理勘探技术
1086,地质灾害调查与防治
1087,环境地质工程
1088,岩土工程技术
1089,工程测量技术
1090,摄影测量与遥感技术
1091,测绘工程技术
1092,测绘地理信息技术
1093,地籍测绘与土地管理
1094,矿山测量
1095,测绘与地质工程技术
1096,导航与位置服务
1097,地图制图与数字传播技术
1098,地理国情监测技术
1099,国土测绘与规划
1100,钻井技术
1101,油气开采技术
1102,油气储运技术
1103,油气地质勘探技术
1104,油田化学应用技术
1105,石油工程技术
1106,煤矿开采技术
1107,矿井建设
1108,矿山机电技术
1109,矿井通风与安全
1110,综合机械化采煤
1111,选煤技术
1112,煤炭深加工与利用
1113,煤化分析与检验
1114,煤层气采输技术
1115,矿井运输与提升
1116,金属与非金属矿开采技术
1117,矿物加工技术
1118,矿业装备维护技术
1119,大气科学技术
1120,大气探测技术
1121,应用气象技术
1122,防雷技术
1123,环境监测与控制技术
1124,农村环境保护
1125,室内环境检测与控制技术
1126,环境工程技术
1127,环境信息技术
1128,核与辐射检测防护技术
1129,环境规划与管理
1130,环境评价与咨询服务
1131,污染修复与生态工程技术
1132,清洁生产与减排技术
1133,资源综合利用与管理技术
1134,安全健康与环保
1135,化工安全技术
1136,救援技术
1137,安全技术与管理
1138,工程安全评价与监理
1139,安全生产监测监控
1140,职业卫生技术与管理
1141,发电厂及电力系统
1142,供用电技术
1143,电力系统自动化技术
1144,高压输配电线路施工运行与维护
1145,电力系统继电保护与自动化技术
1146,水电站机电设备与自动化
1147,电网监控技术
1148,电力客户服务与管理
1149,水电站与电力网
1150,电源变换技术与应用
1151,农业电气化技术
1152,分布式发电与微电网技术
1153,电厂热能动力装置
1154,城市热能应用技术
1155,核电站动力设备运行与维护
1156,火电厂集控运行
1157,电厂化学与环保技术
1158,电厂热工自动化技术
1159,风力发电工程技术
1160,风电系统运行与维护
1161,生物质能应用技术
1162,光伏发电技术与应用
1163,工业节能技术
1164,节电技术与管理
1165,太阳能光热技术与应用
1166,农村能源与环境技术
1167,黑色冶金技术
1168,轧钢工程技术
1169,钢铁冶金设备应用技术
1170,金属材料质量检测
1171,铁矿资源综合利用
1172,有色冶金技术
1173,有色冶金设备应用技术
1174,金属压力加工
1175,金属精密成型技术
1176,材料工程技术
1177,高分子材料工程技术
1178,复合材料工程技术
1179,非金属矿物材料技术
1180,光伏材料制备技术
1181,炭素加工技术
1182,硅材料制备技术
1183,橡胶工程技术
1184,建筑材料工程技术
1185,建筑材料检测技术
1186,建筑装饰材料技术
1187,建筑材料设备应用
1188,新型建筑材料技术
1189,建筑材料生产与管理
1190,建筑设计
1191,建筑装饰工程技术
1192,古建筑工程技术
1193,建筑室内设计
1194,风景园林设计
1195,园林工程技术
1196,建筑动画与模型制作
1197,村镇建设与管理
1198,城市信息化管理
1199,建筑工程技术
1200,地下与隧道工程技术
1201,土木工程检测技术
1202,建筑钢结构工程技术
1203,建筑设备工程技术
1204,供热通风与空调工程技术
1205,建筑电气工程技术
1206,建筑智能化工程技术
1207,工业设备安装工程技术
1208,消防工程技术
1209,建设工程管理
1210,建筑经济管理
1211,建设项目信息化管理
1212,建设工程监理
1213,市政工程技术
1214,城市燃气工程技术
1215,给排水工程技术
1216,环境卫生工程技术
1217,房地产经营与管理
1218,房地产检测与估价
1219,水文测报技术
1220,水政水资源管理
1221,水利水电工程技术
1222,水利水电工程管理
1223,水利水电建筑工程
1224,机电排灌工程技术
1225,港口航道与治河工程
1226,水务管理
1227,水电站动力设备
1228,水电站电气设备
1229,水电站运行与管理
1230,水利机电设备运行与管理
1231,水土保持技术
1232,水环境监测与治理
1233,机械设计与制造
1234,机械制造与自动化
1235,数控技术
1236,精密机械技术
1237,特种加工技术
1238,材料成型与控制技术
1239,金属材料与热处理技术
1240,铸造技术
1241,锻压技术
1242,焊接技术与自动化
1243,机械产品检测检验技术
1244,理化测试与质检技术
1245,模具设计与制造
1246,电机与电器技术
1247,电线电缆制造技术
1248,内燃机制造与维修
1249,机械装备制造技术
1250,工业工程技术
1251,自动化生产设备应用
1252,机电设备安装技术
1253,机电设备维修与管理
1254,数控设备应用与维护
1255,制冷与空调技术
1256,光电制造与应用技术
1257,新能源装备技术
1258,机电一体化技术
1259,电气自动化技术
1260,工业过程自动化技术
1261,智能控制技术
1262,工业网络技术
1263,工业自动化仪表
1264,液压与气动技术
1265,电梯工程技术
1266,工业机器人技术
1267,铁道机车车辆制造与维护
1268,铁道通信信号设备制造与维护
1269,铁道施工和养路机械制造与维护
1270,船舶工程技术
1271,船舶机械工程技术
1272,船舶电气工程技术
1273,船舶舾装工程技术
1274,船舶涂装工程技术
1275,游艇设计与制造
1276,海洋工程技术
1277,船舶通信与导航
1278,船舶动力工程技术
1279,飞行器制造技术
1280,飞行器维修技术
1281,航空发动机制造技术
1282,航空发动机装试技术
1283,航空发动机维修技术
1284,飞机机载设备制造技术
1285,飞机机载设备维修技术
1286,航空电子电气技术
1287,航空材料精密成型技术
1288,无人机应用技术
1289,导弹维修
1290,汽车制造与装配技术
1291,汽车检测与维修技术
1292,汽车电子技术
1293,汽车造型技术
1294,汽车试验技术
1295,汽车改装技术
1296,新能源汽车技术
1297,食品生物技术
1298,化工生物技术
1299,药品生物技术
1300,农业生物技术
1301,生物产品检验检疫
1302,应用化工技术
1303,石油炼制技术
1304,石油化工技术
1305,高分子合成技术
1306,精细化工技术
1307,海洋化工技术
1308,工业分析技术
1309,化工装备技术
1310,化工自动化技术
1311,涂装防护技术
1312,烟花爆竹技术与管理
1313,煤化工技术
1314,高分子材料加工技术
1315,制浆造纸技术
1316,香料香精工艺
1317,表面精饰工艺
1318,家具设计与制造
1319,化妆品技术
1320,皮革加工技术
1321,皮具制作与工艺
1322,鞋类设计与工艺
1323,乐器制造与维护
1324,陶瓷制造工艺
1325,包装工程技术
1326,包装策划与设计
1327,包装设备应用技术
1328,食品包装技术
1329,数字图文信息技术
1330,印刷设备应用技术
1331,印刷媒体设计与制作
1332,印刷媒体技术
1333,数字印刷技术
1334,现代纺织技术
1335,丝绸技术
1336,染整技术
1337,纺织机电技术
1338,纺织品检验与贸易
1339,纺织品设计
1340,家用纺织品设计
1341,纺织材料与应用
1342,针织技术与针织服装
1343,服装设计与工艺
1344,皮革服装制作与工艺
1345,服装陈列与展示设计
1346,食品加工技术
1347,酿酒技术
1348,食品贮运与营销
1349,食品检测技术
1350,食品营养与卫生
1351,食品营养与检测
1352,中药生产与加工
1353,药品生产技术
1354,兽药制药技术
1355,药品质量与安全
1356,制药设备应用技术
1357,药品经营与管理
1358,药品服务与管理
1359,保健品开发与管理
1360,化妆品经营与管理
1361,粮食工程技术
1362,粮油储藏与检测技术
1363,铁道机车
1364,铁道车辆
1365,铁道供电技术
1366,铁道工程技术
1367,铁道机械化维修技术
1368,铁道信号自动控制
1369,铁道通信与信息化技术
1370,铁道交通运营管理
1371,铁路物流管理
1372,铁路桥梁与隧道工程技术
1373,高速铁道工程技术
1374,高速铁路客运乘务
1375,动车组检修技术
1376,智能交通技术运用
1377,道路桥梁工程技术
1378,道路运输与路政管理
1379,道路养护与管理
1380,公路机械化施工技术
1381,工程机械运用技术
1382,交通运营管理
1383,交通枢纽运营管理
1384,汽车运用与维修技术
1385,汽车车身维修技术
1386,汽车运用安全管理
1387,新能源汽车运用与维修
1388,国际邮轮乘务管理
1389,船舶电子电气技术
1390,船舶检验
1391,港口机械与自动控制
1392,港口电气技术
1393,港口与航道工程技术
1394,港口与航运管理
1395,港口物流管理
1396,轮机工程技术
1397,水上救捞技术
1398,水路运输与海事管理
1399,集装箱运输管理
1400,民航运输
1401,民航通信技术
1402,定翼机驾驶技术
1403,直升机驾驶技术
1404,空中乘务
1405,民航安全技术管理
1406,民航空中安全保卫
1407,机场运行
1408,飞机机电设备维修
1409,飞机电子设备维修
1410,飞机部件修理
1411,航空地面设备维修
1412,机场场务技术与管理
1413,航空油料
1414,航空物流
1415,通用航空器维修
1416,通用航空航务技术
1417,飞机结构修理
1418,管道工程技术
1419,管道运输管理
1420,城市轨道交通车辆技术
1421,城市轨道交通机电技术
1422,城市轨道交通通信信号技术
1423,城市轨道交通供配电技术
1424,城市轨道交通工程技术
1425,城市轨道交通运营管理
1426,邮政通信管理
1427,快递运营管理
1428,电子信息工程技术
1429,应用电子技术
1430,微电子技术
1431,智能产品开发
1432,智能终端技术与应用
1433,智能监控技术应用
1434,汽车智能技术
1435,电子产品质量检测
1436,电子产品营销与服务
1437,电子电路设计与工艺
1438,电子制造技术与设备
1439,电子测量技术与仪器
1440,电子工艺与管理
1441,声像工程技术
1442,移动互联应用技术 
1443,光电技术应用
1444,光伏工程技术
1445,光电显示技术
1446,物联网应用技术
1447,计算机网络技术
1448,计算机信息管理
1449,计算机系统与维护
1450,软件技术
1451,软件与信息服务
1452,动漫制作技术
1453,嵌入式技术与应用
1454,数字展示技术
1455,数字媒体应用技术
1456,信息安全与管理
1457,移动应用开发
1458,云计算技术与应用
1459,电子商务技术
1460,通信技术
1461,移动通信技术
1462,通信系统运行管理
1463,通信工程设计与监理
1464,电信服务与管理
1465,光通信技术
1466,物联网工程技术
1467,中医骨伤
1468,针灸推拿
1469,傣医学
1470,助产
1471,维药学
1472,医学生物技术
1473,医学美容技术
1474,卫生检验与检疫技术
1475,眼视光技术
1476,放射治疗技术
1477,呼吸治疗技术
1478,康复治疗技术
1479,言语听觉康复技术
1480,中医康复技术
1481,公共卫生管理
1482,卫生信息管理
1483,人口与家庭发展服务
1484,生殖健康服务与管理
1485,健康管理
1486,医学营养
1487,中医养生保健
1488,心理咨询
1489,医疗设备应用技术
1490,精密医疗器械技术
1491,医疗器械维护与管理
1492,康复工程技术
1493,康复辅助器具技术
1494,假肢与矫形器技术
1495,老年保健与管理
1496,财政
1497,资产评估与管理
1498,政府采购管理
1499,金融管理
1500,国际金融
1501,证券与期货
1502,信托与租赁
1503,投资与理财
1504,农村金融
1505,互联网金融
1506,会计信息管理
1507,信息统计与分析
1508,统计与会计核算
1509,国际贸易实务
1510,服务外包
1511,经济信息管理
1512,报关与国际货运
1513,商务经纪与代理
1514,国际文化贸易
1515,工商企业管理
1516,商务管理
1517,商检技术
1518,连锁经营管理
1519,市场管理与服务
1520,品牌代理经营
1521,汽车营销与服务
1522,广告策划与营销
1523,茶艺与茶叶营销
1524,移动商务
1525,网络营销
1526,物流工程技术
1527,物流信息技术
1528,物流金融管理
1529,工程物流管理
1530,冷链物流技术与管理
1531,采购与供应管理
1532,导游
1533,旅行社经营管理
1534,景区开发与管理
1535,休闲服务与管理
1536,餐饮管理
1537,烹调工艺与营养
1538,营养配餐
1539,中西面点工艺
1540,西餐工艺
1541,会展策划与管理
1542,视觉传播设计与制作
1543,广告设计与制作
1544,数字媒体艺术设计
1545,产品艺术设计
1546,家具艺术设计
1547,皮具艺术设计
1548,室内艺术设计
1549,展示艺术设计
1550,环境艺术设计
1551,公共艺术设计
1552,雕刻艺术设计
1553,包装艺术设计
1554,陶瓷设计与工艺
1555,刺绣设计与工艺
1556,玉器设计与工艺
1557,首饰设计与工艺
1558,工艺美术品设计
1559,动漫设计
1560,游戏设计
1561,人物形象设计
1562,美容美体艺术
1563,摄影与摄像艺术
1564,表演艺术
1565,戏剧影视表演
1566,歌舞表演
1567,戏曲表演
1568,曲艺表演
1569,音乐剧表演
1570,国际标准舞
1571,服装表演
1572,模特与礼仪
1573,现代流行音乐
1574,作曲技术
1575,音乐制作
1576,钢琴伴奏
1577,钢琴调律
1578,戏曲导演
1579,舞台艺术设计与制作
1580,民族表演艺术
1581,民族美术
1582,民族服装与服饰
1583,民族民居装饰
1584,民族传统技艺
1585,少数民族古籍修复
1586,中国少数民族语言文化
1587,文化创意与策划
1588,文化市场经营管理
1589,公共文化服务与管理
1590,文物修复与保护
1591,考古探掘技术
1592,文物博物馆服务与管理
1593,图书档案管理
1594,图文信息处理
1595,网络新闻与传播
1596,版面编辑与校对
1597,出版商务
1598,出版与电脑编辑技术
1599,出版信息管理
1600,数字媒体设备管理
1601,新闻采编与制作
1602,播音与主持
1603,广播影视节目制作
1604,广播电视技术
1605,影视制片管理
1606,影视编导
1607,影视美术
1608,影视多媒体技术
1609,影视动画
1610,影视照明技术与艺术
1611,音像技术
1612,录音技术与艺术
1613,摄影摄像技术
1614,传播与策划
1615,媒体营销
1616,早期教育
1617,语文教育
1618,数学教育
1619,英语教育
1620,物理教育
1621,化学教育
1622,生物教育
1623,历史教育
1624,地理教育
1625,音乐教育
1626,美术教育
1627,舞蹈教育
1628,汉语
1629,应用英语
1630,旅游英语
1631,商务日语
1632,应用日语
1633,旅游日语
1634,应用韩语
1635,应用俄语
1636,应用法语
1637,应用德语
1638,应用西班牙语
1639,应用越南语
1640,应用泰语
1641,应用阿拉伯语
1642,应用外语
1643,文秘
1644,文秘速录
1645,运动防护
1646,社会体育
1647,高尔夫球运动与管理
1648,民族传统体育
1649,体育艺术表演
1650,体育运营与管理
1651,体育保健与康复
1652,健身指导与管理
1653,治安管理
1654,信息网络安全监察
1655,防火管理
1656,边防检查
1657,边境管理
1658,特警
1659,警察管理
1660,公共安全管理
1661,森林消防
1662,部队后勤管理
1663,部队政治工作
1664,警察指挥与战术
1665,船艇指挥
1666,通信指挥
1667,参谋业务
1668,抢险救援
1669,刑事侦查
1670,禁毒
1671,司法助理
1672,法律文秘
1673,法律事务
1674,检察事务
1675,刑事执行
1676,民事执行
1677,行政执行
1678,司法警务
1679,社区矫正
1680,刑事侦查技术
1681,安全防范技术
1682,司法信息技术
1683,司法鉴定技术
1684,司法信息安全
1685,罪犯心理测量与矫正技术
1686,戒毒矫治技术
1687,职务犯罪预防与控制
1688,社会福利事业管理
1689,青少年工作与管理
1690,社区管理与服务
1691,公共关系
1692,人民武装
1693,民政管理
1694,网络舆情监测
1695,公共事务管理
1696,质量管理与认证
1697,知识产权管理
1698,老年服务与管理
1699,家政服务与管理
1700,婚庆服务与管理
1701,社区康复
1702,现代殡葬技术与管理
1703,unknown
